{
  "model": "LogisticRegression",
  "vectorizer": {
    "type": "TfidfVectorizer",
    "max_features": 3000,
    "min_df": 2,
    "max_df": 0.9,
    "ngram_range": [
      1,
      2
    ],
    "sublinear_tf": true
  },
  "class_distribution": {
    "positive": 459,
    "negative": 188,
    "neutral": 60
  },
  "classes": [
    "negative",
    "neutral",
    "positive"
  ],
  "accuracy": 0.8028169014084507,
  "precision_weighted": 0.7992248948234864,
  "recall_weighted": 0.8028169014084507,
  "f1_weighted": 0.8003481459257235,
  "f1_macro": 0.7275755156522584,
  "confusion_matrix": [
    [
      26,
      0,
      12
    ],
    [
      2,
      7,
      3
    ],
    [
      7,
      4,
      81
    ]
  ],
  "classification_report": {
    "negative": {
      "precision": 0.7428571428571429,
      "recall": 0.6842105263157895,
      "f1-score": 0.7123287671232876,
      "support": 38.0
    },
    "neutral": {
      "precision": 0.6363636363636364,
      "recall": 0.5833333333333334,
      "f1-score": 0.6086956521739131,
      "support": 12.0
    },
    "positive": {
      "precision": 0.84375,
      "recall": 0.8804347826086957,
      "f1-score": 0.8617021276595744,
      "support": 92.0
    },
    "accuracy": 0.8028169014084507,
    "macro avg": {
      "precision": 0.7409902597402597,
      "recall": 0.7159928807526063,
      "f1-score": 0.7275755156522584,
      "support": 142.0
    },
    "weighted avg": {
      "precision": 0.7992248948234864,
      "recall": 0.8028169014084507,
      "f1-score": 0.8003481459257235,
      "support": 142.0
    }
  },
  "train_size": 565,
  "test_size": 142
}