{
  "model": "LogisticRegression",
  "vectorizer": {
    "type": "TfidfVectorizer",
    "max_features": 3000,
    "min_df": 2,
    "max_df": 0.9,
    "ngram_range": [
      1,
      2
    ],
    "sublinear_tf": true
  },
  "class_distribution": {
    "positive": 459,
    "negative": 188,
    "neutral": 60
  },
  "classes": [
    "negative",
    "neutral",
    "positive"
  ],
  "accuracy": 0.8098591549295775,
  "precision_weighted": 0.8109815984026766,
  "recall_weighted": 0.8098591549295775,
  "f1_weighted": 0.7951474607080588,
  "f1_macro": 0.685668715247293,
  "confusion_matrix": [
    [
      24,
      0,
      14
    ],
    [
      1,
      4,
      7
    ],
    [
      4,
      1,
      87
    ]
  ],
  "classification_report": {
    "negative": {
      "precision": 0.8275862068965517,
      "recall": 0.631578947368421,
      "f1-score": 0.7164179104477612,
      "support": 38.0
    },
    "neutral": {
      "precision": 0.8,
      "recall": 0.3333333333333333,
      "f1-score": 0.47058823529411764,
      "support": 12.0
    },
    "positive": {
      "precision": 0.8055555555555556,
      "recall": 0.9456521739130435,
      "f1-score": 0.87,
      "support": 92.0
    },
    "accuracy": 0.8098591549295775,
    "macro avg": {
      "precision": 0.8110472541507026,
      "recall": 0.6368548182049326,
      "f1-score": 0.685668715247293,
      "support": 142.0
    },
    "weighted avg": {
      "precision": 0.8109815984026766,
      "recall": 0.8098591549295775,
      "f1-score": 0.7951474607080588,
      "support": 142.0
    }
  },
  "train_size": 565,
  "test_size": 142
}