{
  "model": "MLPClassifier",
  "classes": [
    "negative",
    "neutral",
    "positive"
  ],
  "accuracy": 0.8450704225352113,
  "f1_weighted": 0.8304196616844782,
  "f1_macro": 0.7263226322632264,
  "confusion_matrix": [
    [
      26,
      0,
      12
    ],
    [
      0,
      4,
      8
    ],
    [
      2,
      0,
      90
    ]
  ],
  "classification_report": {
    "negative": {
      "precision": 0.9285714285714286,
      "recall": 0.6842105263157895,
      "f1-score": 0.7878787878787878,
      "support": 38.0
    },
    "neutral": {
      "precision": 1.0,
      "recall": 0.3333333333333333,
      "f1-score": 0.5,
      "support": 12.0
    },
    "positive": {
      "precision": 0.8181818181818182,
      "recall": 0.9782608695652174,
      "f1-score": 0.8910891089108911,
      "support": 92.0
    },
    "accuracy": 0.8450704225352113,
    "macro avg": {
      "precision": 0.9155844155844156,
      "recall": 0.6652682430714467,
      "f1-score": 0.7263226322632264,
      "support": 142.0
    },
    "weighted avg": {
      "precision": 0.8630876166087433,
      "recall": 0.8450704225352113,
      "f1-score": 0.8304196616844782,
      "support": 142.0
    }
  }
}